{
  "octavia_prime_set": {
    "hour": 0.002102358375543631,
    "day_of_week": 0.0,
    "day_of_month": 0.0,
    "price_ma_6": 0.5949677169932707,
    "price_ma_24": 0.010185106210905692,
    "price_std_24": 0.05360141888009709,
    "price_change_6h": 0.09022668221853819,
    "price_change_24h": 0.10696848273664333,
    "volume": 0.005492605741825274,
    "volume_ma_24": 0.012173989852731939,
    "volume_ratio": 0.04943261174090011,
    "spread": 0.03557313049851659,
    "spread_ma": 0.008102621367385085,
    "spread_ratio": 0.031173275383642295
  },
  "wisp_prime_set": {
    "hour": 0.7361034975445776,
    "day_of_week": 2.895166034442647e-05,
    "day_of_month": 3.33626904839517e-05,
    "price_ma_6": 0.008524677824702108,
    "price_ma_24": 0.0191945348361668,
    "price_std_24": 0.053512651121726554,
    "price_change_6h": 0.007570265218396714,
    "price_change_24h": 0.003329467350685635,
    "volume": 0.013478468696651119,
    "volume_ma_24": 0.09572021545924533,
    "volume_ratio": 0.009806650280397579,
    "spread": 0.01846202587374787,
    "spread_ma": 0.01236576012636564,
    "spread_ratio": 0.021869471316508647
  },
  "volt_prime_set": {
    "hour": 0.04787933495338819,
    "day_of_week": 0.0018489165865094393,
    "day_of_month": 0.00123560214559649,
    "price_ma_6": 0.05940904896473447,
    "price_ma_24": 0.07887271264720647,
    "price_std_24": 0.04479135755463564,
    "price_change_6h": 0.1424897866808407,
    "price_change_24h": 0.059234695040692606,
    "volume": 0.3601890521948001,
    "volume_ma_24": 0.06375676957024752,
    "volume_ratio": 0.03443455085793417,
    "spread": 0.003881388183583631,
    "spread_ma": 0.09699549445127698,
    "spread_ratio": 0.004981290168553696
  },
  "saryn_prime_set": {
    "hour": 0.010320760442188364,
    "day_of_week": 0.0,
    "day_of_month": 0.0,
    "price_ma_6": 0.11655362478927354,
    "price_ma_24": 0.036450404365803026,
    "price_std_24": 0.051294999425131375,
    "price_change_6h": 0.14171935824249673,
    "price_change_24h": 0.028601747714935014,
    "volume": 0.17630366962525934,
    "volume_ma_24": 0.0679603392953274,
    "volume_ratio": 0.027062559119440076,
    "spread": 0.02887706666659176,
    "spread_ma": 0.26573464009458286,
    "spread_ratio": 0.049120830218970575
  },
  "mesa_prime_set": {
    "hour": 0.09565939133580312,
    "day_of_week": 3.302715378459368e-05,
    "day_of_month": 3.625824092503474e-05,
    "price_ma_6": 0.09169183087522988,
    "price_ma_24": 0.03402187282218438,
    "price_std_24": 0.0877687413523007,
    "price_change_6h": 0.03516864833193366,
    "price_change_24h": 0.19304533630215237,
    "volume": 0.03845206380756851,
    "volume_ma_24": 0.11823425517174599,
    "volume_ratio": 0.0758722803641002,
    "spread": 0.017225602456228777,
    "spread_ma": 0.1913619543204021,
    "spread_ratio": 0.021428737465640755
  },
  "nekros_prime_set": {
    "hour": 0.0,
    "day_of_week": 0.0,
    "day_of_month": 0.0,
    "price_ma_6": 0.0,
    "price_ma_24": 0.0,
    "price_std_24": 0.0,
    "price_change_6h": 0.0,
    "price_change_24h": 0.0,
    "volume": 0.0,
    "volume_ma_24": 0.0,
    "volume_ratio": 0.0,
    "spread": 0.0,
    "spread_ma": 0.0,
    "spread_ratio": 0.0
  },
  "nova_prime_set": {
    "hour": 0.5273942589349182,
    "day_of_week": 1.2156733058365197e-05,
    "day_of_month": 8.957149332223366e-06,
    "price_ma_6": 0.05299285822040676,
    "price_ma_24": 0.04747244962622617,
    "price_std_24": 0.03577257157702147,
    "price_change_6h": 0.04786055050957508,
    "price_change_24h": 0.054493739921100605,
    "volume": 0.009111978022674985,
    "volume_ma_24": 0.07321798392098221,
    "volume_ratio": 0.06278712498677158,
    "spread": 0.022443516552657212,
    "spread_ma": 0.051620512687305095,
    "spread_ratio": 0.014811341157970084
  },
  "rhino_prime_set": {
    "hour": 0.06238177104405142,
    "day_of_week": 0.002001796279186514,
    "day_of_month": 0.0009704773871464562,
    "price_ma_6": 0.3021593480097126,
    "price_ma_24": 0.040317689595526084,
    "price_std_24": 0.037685480398730174,
    "price_change_6h": 0.06621284941939465,
    "price_change_24h": 0.20046294985384006,
    "volume": 0.06728759110790582,
    "volume_ma_24": 0.07429747639073707,
    "volume_ratio": 0.025621528061220988,
    "spread": 0.06853599360621287,
    "spread_ma": 0.021895481578928032,
    "spread_ratio": 0.030169567267407355
  },
  "frost_prime_set": {
    "hour": 0.4534364891276727,
    "day_of_week": 4.222621868527595e-05,
    "day_of_month": 0.0,
    "price_ma_6": 0.07008522432161775,
    "price_ma_24": 0.01527053151340563,
    "price_std_24": 0.015721325434917877,
    "price_change_6h": 0.009590850658741532,
    "price_change_24h": 0.011022742311608366,
    "volume": 0.02828842140961339,
    "volume_ma_24": 0.026978529399288166,
    "volume_ratio": 0.0706216718708122,
    "spread": 0.042371834544120884,
    "spread_ma": 0.06842066038432806,
    "spread_ratio": 0.18814949280518828
  },
  "ember_prime_set": {
    "hour": 0.029467560300371818,
    "day_of_week": 0.0,
    "day_of_month": 0.0,
    "price_ma_6": 0.054331609660087286,
    "price_ma_24": 0.07239585685098736,
    "price_std_24": 0.04802315814800656,
    "price_change_6h": 0.060482274134049614,
    "price_change_24h": 0.07768704159949628,
    "volume": 0.05055913290204786,
    "volume_ma_24": 0.029251472945876007,
    "volume_ratio": 0.055276809318595646,
    "spread": 0.31921607019761494,
    "spread_ma": 0.05989809846002368,
    "spread_ratio": 0.14341091548284304
  }
}