{
  "trained_at": "2025-08-28T18:17:06.334076+00:00",
  "model_name": "lgbm",
  "features_version": 3,
  "train_days": 30,
  "horizon_steps": 6,
  "n_samples": 2171,
  "n_items": 10,
  "r2_train": 0.9982770112797364,
  "r2_test": -1.5129752408939736,
  "mae_test": 7.690291538467179,
  "mape_test": 0.10164715908443363,
  "baseline_mae": 1.6977011494252874,
  "baseline_mape": 0.0209402516663483,
  "train_time_seconds": 28.05,
  "params": {
    "max_depth": 9,
    "min_child_samples": 28,
    "num_leaves": 90,
    "reg_alpha": 0.22962444598293358,
    "reg_lambda": 0.2669668889112175
  },
  "required_history_steps": 174,
  "min_train_rows": 64
}